[{"id":"user-image-a9dcc2d3-077b-4cbf-35f1-05a7ca2b6438.jpg","publicUrl":"np://user.desktop.nicepage.com/Site_604125890/images/a9dcc2d3-077b-4cbf-35f1-05a7ca2b6438.jpg","size":158791,"fileName":"a9dcc2d3-077b-4cbf-35f1-05a7ca2b6438.jpg","name":"a9dcc2d3-077b-4cbf-35f1-05a7ca2b6438","width":1000,"height":919,"thumbnail":{"url":"np://user.desktop.nicepage.com/Site_604125890/images/thumbnails/a9dcc2d3-077b-4cbf-35f1-05a7ca2b6438.jpg","width":250,"height":230},"originalUrl":"//images03.nicepage.com/c461c07a441a5d220e8feb1a/04175ff1b3bf5f11a20c0152/a9dcc2d3-077b-4cbf-35f1-05a7ca2b6438.jpg?version="},{"id":"user-image-jhbv1.jpg","publicUrl":"np://user.desktop.nicepage.com/Site_604125890/images/jhbv1.jpg","size":80460,"fileName":"jhbv1.jpg","name":"jhbv1","width":1200,"height":630,"thumbnail":{"url":"np://user.desktop.nicepage.com/Site_604125890/images/thumbnails/jhbv1.jpg","width":250,"height":131}},{"id":"user-image-HBNT.png","publicUrl":"np://user.desktop.nicepage.com/Site_604125890/images/HBNT.png","size":3585,"fileName":"HBNT.png","name":"HBNT","width":225,"height":225,"thumbnail":{"url":"np://user.desktop.nicepage.com/Site_604125890/images/thumbnails/HBNT.png","width":225,"height":225,"length":3585,"type":"png"}},{"id":"user-image-MYSQL.png","publicUrl":"np://user.desktop.nicepage.com/Site_604125890/images/MYSQL.png","size":5568,"fileName":"MYSQL.png","name":"MYSQL","width":225,"height":225,"thumbnail":{"url":"np://user.desktop.nicepage.com/Site_604125890/images/thumbnails/MYSQL.png","width":225,"height":225,"length":5568,"type":"png"}},{"id":"user-image-GITHUB.png","publicUrl":"np://user.desktop.nicepage.com/Site_604125890/images/GITHUB.png","size":4222,"fileName":"GITHUB.png","name":"GITHUB","width":225,"height":225,"thumbnail":{"url":"np://user.desktop.nicepage.com/Site_604125890/images/thumbnails/GITHUB.png","width":225,"height":225,"length":4222,"type":"png"}},{"id":"user-image-SPRING.png","publicUrl":"np://user.desktop.nicepage.com/Site_604125890/images/SPRING.png","size":5856,"fileName":"SPRING.png","name":"SPRING","width":225,"height":225,"thumbnail":{"url":"np://user.desktop.nicepage.com/Site_604125890/images/thumbnails/SPRING.png","width":225,"height":225,"length":5856,"type":"png"}},{"id":"user-image-HTM.png","publicUrl":"np://user.desktop.nicepage.com/Site_604125890/images/HTM.png","size":3629,"fileName":"HTM.png","name":"HTM","width":225,"height":225,"thumbnail":{"url":"np://user.desktop.nicepage.com/Site_604125890/images/thumbnails/HTM.png","width":225,"height":225,"length":3629,"type":"png"}},{"id":"user-image-CSS.png","publicUrl":"np://user.desktop.nicepage.com/Site_604125890/images/CSS.png","size":3410,"fileName":"CSS.png","name":"CSS","width":225,"height":225,"thumbnail":{"url":"np://user.desktop.nicepage.com/Site_604125890/images/thumbnails/CSS.png","width":225,"height":225,"length":3410,"type":"png"}},{"id":"user-image-KJD.png","publicUrl":"np://user.desktop.nicepage.com/Site_604125890/images/KJD.png","size":2016,"fileName":"KJD.png","name":"KJD","width":225,"height":225,"thumbnail":{"url":"np://user.desktop.nicepage.com/Site_604125890/images/thumbnails/KJD.png","width":225,"height":225,"length":2016,"type":"png"}},{"id":"user-image-AWS1.png","publicUrl":"np://user.desktop.nicepage.com/Site_604125890/images/AWS1.png","size":4385,"fileName":"AWS1.png","name":"AWS1","width":225,"height":225,"thumbnail":{"url":"np://user.desktop.nicepage.com/Site_604125890/images/thumbnails/AWS1.png","width":225,"height":225,"length":4385,"type":"png"}},{"id":"user-image-NPM.png","publicUrl":"np://user.desktop.nicepage.com/Site_604125890/images/NPM.png","size":1132,"fileName":"NPM.png","name":"NPM","width":224,"height":224,"thumbnail":{"url":"np://user.desktop.nicepage.com/Site_604125890/images/thumbnails/NPM.png","width":224,"height":224,"length":1132,"type":"png"}},{"id":"user-image-VSCODE.png","publicUrl":"np://user.desktop.nicepage.com/Site_604125890/images/VSCODE.png","size":2661,"fileName":"VSCODE.png","name":"VSCODE","width":227,"height":222,"thumbnail":{"url":"np://user.desktop.nicepage.com/Site_604125890/images/thumbnails/VSCODE.png","width":227,"height":222,"length":2661,"type":"png"}},{"id":"user-image-CANVA.png","publicUrl":"np://user.desktop.nicepage.com/Site_604125890/images/CANVA.png","size":3982,"fileName":"CANVA.png","name":"CANVA","width":225,"height":225,"thumbnail":{"url":"np://user.desktop.nicepage.com/Site_604125890/images/thumbnails/CANVA.png","width":225,"height":225,"length":3982,"type":"png"}},{"id":"user-image-BOOTSTRAP.png","publicUrl":"np://user.desktop.nicepage.com/Site_604125890/images/BOOTSTRAP.png","size":3463,"fileName":"BOOTSTRAP.png","name":"BOOTSTRAP","width":224,"height":224,"thumbnail":{"url":"np://user.desktop.nicepage.com/Site_604125890/images/thumbnails/BOOTSTRAP.png","width":224,"height":224,"length":3463,"type":"png"}},{"id":"user-image-NODE.png","publicUrl":"np://user.desktop.nicepage.com/Site_604125890/images/NODE.png","size":4269,"fileName":"NODE.png","name":"NODE","width":225,"height":225,"thumbnail":{"url":"np://user.desktop.nicepage.com/Site_604125890/images/thumbnails/NODE.png","width":225,"height":225,"length":4269,"type":"png"}},{"id":"user-image-GIT.png","publicUrl":"np://user.desktop.nicepage.com/Site_604125890/images/GIT.png","size":6613,"fileName":"GIT.png","name":"GIT","width":231,"height":218,"thumbnail":{"url":"np://user.desktop.nicepage.com/Site_604125890/images/thumbnails/GIT.png","width":231,"height":218,"length":6613,"type":"png"}},{"id":"user-image-SQL1.png","publicUrl":"np://user.desktop.nicepage.com/Site_604125890/images/SQL1.png","size":5008,"fileName":"SQL1.png","name":"SQL1","width":225,"height":225,"thumbnail":{"url":"np://user.desktop.nicepage.com/Site_604125890/images/thumbnails/SQL1.png","width":225,"height":225,"length":5008,"type":"png"}},{"id":"user-image-JAVA1.png","publicUrl":"np://user.desktop.nicepage.com/Site_604125890/images/JAVA1.png","size":5407,"fileName":"JAVA1.png","name":"JAVA1","width":225,"height":225,"thumbnail":{"url":"np://user.desktop.nicepage.com/Site_604125890/images/thumbnails/JAVA1.png","width":225,"height":225,"length":5407,"type":"png"}},{"id":"user-image-MAVEN.png","publicUrl":"np://user.desktop.nicepage.com/Site_604125890/images/MAVEN.png","size":3505,"fileName":"MAVEN.png","name":"MAVEN","width":225,"height":225,"thumbnail":{"url":"np://user.desktop.nicepage.com/Site_604125890/images/thumbnails/MAVEN.png","width":225,"height":225,"length":3505,"type":"png"}},{"id":"user-image-POSSTMAN.png","publicUrl":"np://user.desktop.nicepage.com/Site_604125890/images/POSSTMAN.png","size":3133,"fileName":"POSSTMAN.png","name":"POSSTMAN","width":201,"height":201,"thumbnail":{"url":"np://user.desktop.nicepage.com/Site_604125890/images/thumbnails/POSSTMAN.png","width":201,"height":201,"length":3133,"type":"png"}},{"id":"user-image-DOCKET.png","publicUrl":"np://user.desktop.nicepage.com/Site_604125890/images/DOCKET.png","size":3781,"fileName":"DOCKET.png","name":"DOCKET","width":225,"height":225,"thumbnail":{"url":"np://user.desktop.nicepage.com/Site_604125890/images/thumbnails/DOCKET.png","width":225,"height":225,"length":3781,"type":"png"}},{"id":"user-image-expedia.png","publicUrl":"np://user.desktop.nicepage.com/Site_604125890/images/expedia.png","size":2427,"fileName":"expedia.png","name":"expedia","width":347,"height":145,"thumbnail":{"url":"np://user.desktop.nicepage.com/Site_604125890/images/thumbnails/expedia.png","width":250,"height":104}},{"id":"user-image-deccanherald.png","publicUrl":"np://user.desktop.nicepage.com/Site_604125890/images/deccanherald.png","size":6219,"fileName":"deccanherald.png","name":"deccanherald","width":265,"height":190,"thumbnail":{"url":"np://user.desktop.nicepage.com/Site_604125890/images/thumbnails/deccanherald.png","width":250,"height":179}},{"id":"user-image-4926624.png","publicUrl":"np://user.desktop.nicepage.com/Site_604125890/images/4926624.png","size":2075,"fileName":"4926624.png","name":"4926624","width":128,"height":128,"thumbnail":{"url":"np://user.desktop.nicepage.com/Site_604125890/images/thumbnails/4926624.png","width":128,"height":128,"length":2075,"type":"png"}},{"id":"user-image-7191954.png","publicUrl":"np://user.desktop.nicepage.com/Site_604125890/images/7191954.png","size":1402,"fileName":"7191954.png","name":"7191954","width":128,"height":128,"thumbnail":{"url":"np://user.desktop.nicepage.com/Site_604125890/images/thumbnails/7191954.png","width":128,"height":128,"length":1402,"type":"png"}},{"id":"user-image-cricc.png","publicUrl":"np://user.desktop.nicepage.com/Site_604125890/images/cricc.png","size":3746,"fileName":"cricc.png","name":"cricc","width":225,"height":225,"thumbnail":{"url":"np://user.desktop.nicepage.com/Site_604125890/images/thumbnails/cricc.png","width":225,"height":225,"length":3746,"type":"png"}},{"id":"user-image-download.png","publicUrl":"np://user.desktop.nicepage.com/Site_604125890/images/download.png","size":8272,"fileName":"download.png","name":"download","width":225,"height":224,"thumbnail":{"url":"np://user.desktop.nicepage.com/Site_604125890/images/thumbnails/download.png","width":225,"height":224,"length":8272,"type":"png"}},{"id":"user-image-833472.png","publicUrl":"np://user.desktop.nicepage.com/Site_604125890/images/833472.png","size":2559,"fileName":"833472.png","name":"833472","width":128,"height":128,"thumbnail":{"url":"np://user.desktop.nicepage.com/Site_604125890/images/thumbnails/833472.png","width":128,"height":128,"length":2559,"type":"png"}},{"id":"user-image-536452.png","publicUrl":"np://user.desktop.nicepage.com/Site_604125890/images/536452.png","size":11108,"fileName":"536452.png","name":"536452","width":128,"height":128,"thumbnail":{"url":"np://user.desktop.nicepage.com/Site_604125890/images/thumbnails/536452.png","width":128,"height":128,"length":11108,"type":"png"}},{"id":"user-image-179330.png","publicUrl":"np://user.desktop.nicepage.com/Site_604125890/images/179330.png","size":1698,"fileName":"179330.png","name":"179330","width":128,"height":128,"thumbnail":{"url":"np://user.desktop.nicepage.com/Site_604125890/images/thumbnails/179330.png","width":128,"height":128,"length":1698,"type":"png"}},{"id":"user-image-552489.png","publicUrl":"np://user.desktop.nicepage.com/Site_604125890/images/552489.png","size":4609,"fileName":"552489.png","name":"552489","width":128,"height":128,"thumbnail":{"url":"np://user.desktop.nicepage.com/Site_604125890/images/thumbnails/552489.png","width":128,"height":128,"length":4609,"type":"png"}},{"id":"user-image-images1.png","publicUrl":"np://user.desktop.nicepage.com/Site_604125890/images/images1.png","size":4163,"fileName":"images1.png","name":"images1","width":225,"height":225,"thumbnail":{"url":"np://user.desktop.nicepage.com/Site_604125890/images/thumbnails/images1.png","width":225,"height":225,"length":4163,"type":"png"}},{"id":"user-image-download.jpeg","publicUrl":"np://user.desktop.nicepage.com/Site_604125890/images/download.jpeg","size":4649,"fileName":"download.jpeg","name":"download","width":225,"height":225,"thumbnail":{"url":"np://user.desktop.nicepage.com/Site_604125890/images/thumbnails/download.jpeg","height":225,"width":225,"length":4649,"type":"jpg"}},{"id":"user-image-download5.png","publicUrl":"np://user.desktop.nicepage.com/Site_604125890/images/download5.png","size":3127,"fileName":"download5.png","name":"download5","width":225,"height":225,"thumbnail":{"url":"np://user.desktop.nicepage.com/Site_604125890/images/thumbnails/download5.png","width":225,"height":225,"length":3127,"type":"png"}},{"id":"user-image-download4.png","publicUrl":"np://user.desktop.nicepage.com/Site_604125890/images/download4.png","size":2815,"fileName":"download4.png","name":"download4","width":259,"height":194,"thumbnail":{"url":"np://user.desktop.nicepage.com/Site_604125890/images/thumbnails/download4.png","width":250,"height":187}},{"id":"user-image-download2.png","publicUrl":"np://user.desktop.nicepage.com/Site_604125890/images/download2.png","size":1567,"fileName":"download2.png","name":"download2","width":225,"height":225,"thumbnail":{"url":"np://user.desktop.nicepage.com/Site_604125890/images/thumbnails/download2.png","width":225,"height":225,"length":1567,"type":"png"}},{"id":"user-image-download3.png","publicUrl":"np://user.desktop.nicepage.com/Site_604125890/images/download3.png","size":3690,"fileName":"download3.png","name":"download3","width":225,"height":225,"thumbnail":{"url":"np://user.desktop.nicepage.com/Site_604125890/images/thumbnails/download3.png","width":225,"height":225,"length":3690,"type":"png"}}]